owner_number,owner_gender,owner_birth_date,ower_email,owner_first_name,owner_last_name,owner_nationality
401,male,2002-11-19,George_Yundt@yahoo.com,George,Yundt,Malawi
402,male,1961-11-13,Javier.Robel89@gmail.com,Javier,Robel,Iran
403,female,1978-09-30,Glenn.Jacobson3@hotmail.com,Glenn,Jacobson,Dominica
404,male,1974-08-04,Mae29@yahoo.com,Mae,Heathcote,Martinique
405,female,1974-08-28,Alexandra15@yahoo.com,Alexandra,Doyle,United States of America
406,female,1982-12-29,Jacquelyn.Mueller@hotmail.com,Jacquelyn,Mueller,Jersey
407,female,1984-08-22,Glenn_Pacocha3@yahoo.com,Glenn,Pacocha,"Virgin Islands, British"
408,male,1955-09-25,Roberto5@hotmail.com,Roberto,Stiedemann,Indonesia
409,male,1987-05-04,Guadalupe4@hotmail.com,Guadalupe,Hayes,Saint Lucia
410,male,1967-07-16,Michael_Brown92@hotmail.com,Michael,Brown,Romania
411,male,1983-06-29,Marvin_Rutherford39@yahoo.com,Marvin,Rutherford,Guinea
412,male,1975-04-10,Gerard.Stroman@gmail.com,Gerard,Stroman,Saint Kitts and Nevis
413,male,2003-12-18,Stuart.Tremblay@hotmail.com,Stuart,Tremblay,Guinea-Bissau
414,male,1956-05-19,Devin_Rolfson@hotmail.com,Devin,Rolfson,Georgia
415,female,1960-07-27,Jenny.Stokes36@yahoo.com,Jenny,Stokes,Canada
416,female,2003-01-15,Courtney38@hotmail.com,Courtney,Johns,Taiwan
417,male,1943-05-23,Johnathan_Beatty75@yahoo.com,Johnathan,Beatty,Mexico
418,male,2002-09-05,Jody20@gmail.com,Jody,Thompson,Tajikistan
419,male,1959-11-21,Johnathan65@gmail.com,Johnathan,Hintz,Guadeloupe
420,female,1995-11-24,Loren1@yahoo.com,Loren,Auer-Nitzsche,Madagascar
421,female,1981-09-20,Dianne80@hotmail.com,Dianne,Blanda,Dominica
422,male,1967-11-16,Ryan83@gmail.com,Ryan,Pacocha,Croatia
423,male,2004-01-17,Michele35@gmail.com,Michele,Wehner,Senegal
424,male,1992-11-03,Thomas_Hilpert@yahoo.com,Thomas,Hilpert,United Arab Emirates
425,female,1972-04-06,Valerie18@gmail.com,Valerie,Becker,Georgia
426,male,1979-05-07,Jeremy.McLaughlin@hotmail.com,Jeremy,McLaughlin,Philippines
427,male,2003-02-26,Michele.Abernathy15@gmail.com,Michele,Abernathy,France
428,male,1963-01-22,Ken_Maggio44@gmail.com,Ken,Maggio,Barbados
429,female,1975-10-15,Paulette18@yahoo.com,Paulette,Bruen,French Polynesia
430,female,1950-05-07,Sherri18@hotmail.com,Sherri,Crooks-Hartmann,Hungary
431,female,1999-08-21,Constance.Strosin30@yahoo.com,Constance,Strosin,Senegal
432,male,1991-11-23,Gabriel_Beatty@hotmail.com,Gabriel,Beatty,Falkland Islands (Malvinas)
433,female,1996-05-07,Tracey.Oberbrunner@yahoo.com,Tracey,Oberbrunner,Vietnam
434,female,1970-02-25,Maryann_Armstrong@yahoo.com,Maryann,Armstrong,Nauru
435,female,1951-08-22,Cecelia46@yahoo.com,Cecelia,Sanford,Puerto Rico
436,male,1961-08-20,Herman40@yahoo.com,Herman,Stehr,Sao Tome and Principe
437,male,1993-04-07,Jeremy_Luettgen@gmail.com,Jeremy,Luettgen,Benin
438,male,1961-10-07,Alonzo.Walker38@gmail.com,Alonzo,Walker,Pitcairn Islands
439,female,1995-08-20,Myra_Paucek@hotmail.com,Myra,Paucek,Japan
440,male,1985-02-17,Ruth_Huel63@yahoo.com,Ruth,Huel,Christmas Island
441,male,1986-06-29,Ian_Rath@yahoo.com,Ian,Rath,Slovakia
442,female,1967-09-10,Christine.Hermiston19@yahoo.com,Christine,Hermiston,Honduras
443,female,1961-09-01,Sophia.Borer@yahoo.com,Sophia,Borer,Kuwait
444,female,1982-03-28,Leland.Schiller92@gmail.com,Leland,Schiller,Peru
445,male,1983-07-06,Jan.Kuhn95@gmail.com,Jan,Kuhn,Brunei Darussalam
446,male,1962-08-05,Gabriel.Cronin35@hotmail.com,Gabriel,Cronin,Cote d'Ivoire
447,male,1973-01-20,Aaron_Kohler5@yahoo.com,Aaron,Kohler,Bosnia and Herzegovina
448,male,2005-04-23,Irvin37@hotmail.com,Irvin,Rosenbaum,Chad
449,male,1961-12-10,Toby.Metz70@yahoo.com,Toby,Metz,Saint Helena
