tenant_number,tenant_gender,tenant_birth_date,tenant_email,tenant_first_name,tenant_last_name,tenant_nationality
201,f,1996-06-22,Anita_Hodkiewicz@hotmail.com,Anita,Hodkiewicz,New Caledonia
202,m,1952-05-01,Grady.Jones@hotmail.com,Grady,Jones,Papua New Guinea
203,m,1994-07-11,Francisco_Cormier31@yahoo.com,Francisco,Cormier,Mayotte
204,m,1977-02-12,Derrick74@gmail.com,Derrick,Beier,Samoa
205,m,1993-06-12,Nathan12@gmail.com,Nathan,Muller,Angola
206,m,1976-10-08,Kenneth69@yahoo.com,Kenneth,Rempel,Spain
207,f,1980-06-30,Deanna_Morissette73@gmail.com,Deanna,Morissette,Malawi
208,f,1974-06-10,Ann.Jerde83@gmail.com,Ann,Jerde,Turkmenistan
209,m,1967-02-05,Richard.Kiehn@hotmail.com,Richard,Kiehn,Zimbabwe
210,f,1952-03-29,Gene89@gmail.com,Gene,Pollich,Pakistan
211,f,1979-03-14,Lena40@hotmail.com,Lena,Marquardt,"Virgin Islands, U.S."
212,f,2003-11-11,Cecilia_Kemmer@hotmail.com,Cecilia,Kemmer,Iraq
213,f,1967-01-25,Clarence.Walker49@gmail.com,Clarence,Walker,Christmas Island
214,f,1978-03-25,Norma.Johns@gmail.com,Norma,Johns,Venezuela
215,m,1991-03-14,Derrick2@yahoo.com,Derrick,Boyer-McClure,Armenia
216,m,1962-05-06,Timmy_Bauch58@yahoo.com,Timmy,Bauch,Monaco
217,f,1947-08-12,Cecil_Macejkovic30@hotmail.com,Cecil,Macejkovic,American Samoa
218,m,1943-03-16,Donald3@gmail.com,Donald,Nitzsche,Eritrea
219,f,1990-07-30,Angelica_Steuber-OConner@yahoo.com,Angelica,Steuber-O'Conner,Andorra
220,f,1963-05-31,Marilyn46@gmail.com,Marilyn,Witting,Tunisia
221,m,1953-07-18,Geoffrey_Braun@gmail.com,Geoffrey,Braun,Egypt
222,f,2001-08-17,Lynda_Krajcik@hotmail.com,Lynda,Krajcik,Morocco
223,f,1962-04-05,Alison.Rempel@gmail.com,Alison,Rempel,Guatemala
224,m,1953-08-17,Randy9@gmail.com,Randy,Goyette,French Southern Territories
225,m,1997-06-08,Winston.Ebert70@hotmail.com,Winston,Ebert,British Indian Ocean Territory (Chagos Archipelago)
226,m,1975-01-14,Calvin.Weber@hotmail.com,Calvin,Weber,United Arab Emirates
227,f,1986-07-24,Lucille_Carter@gmail.com,Lucille,Carter,Luxembourg
228,f,1971-09-07,Billie77@gmail.com,Billie,White,Serbia
229,f,1956-07-31,Jasmine_Will@hotmail.com,Jasmine,Will,Eritrea
230,m,1992-03-17,Kurt.Rohan@hotmail.com,Kurt,Rohan,Western Sahara
231,f,1959-05-23,Forrest.Haag@yahoo.com,Forrest,Haag,American Samoa
232,m,1957-11-11,Steven7@yahoo.com,Steven,Hilpert,Norway
233,m,1952-10-22,Jan.King97@yahoo.com,Jan,King,Tuvalu
234,f,1984-05-30,Claire_Gutmann@yahoo.com,Claire,Gutmann,Monaco
235,m,1989-08-11,George3@gmail.com,George,Mitchell,Dominican Republic
236,m,1963-06-14,Rex56@yahoo.com,Rex,Jenkins,Sudan
237,m,1958-04-13,Ruben.McKenzie79@hotmail.com,Ruben,McKenzie,Colombia
238,m,1985-04-01,Fredrick.Volkman@gmail.com,Fredrick,Volkman,Sweden
239,m,1995-07-01,Morris.Mann24@yahoo.com,Morris,Mann,Comoros
240,m,1947-04-13,Percy27@gmail.com,Percy,Welch,Panama
241,f,1970-07-17,Leslie.Rempel@yahoo.com,Leslie,Rempel,Tonga
242,m,1950-02-03,Dawn_Quitzon88@gmail.com,Dawn,Quitzon,El Salvador
243,m,1948-06-08,Patrick_Pfannerstill@hotmail.com,Patrick,Pfannerstill,Japan
244,m,1945-05-09,Eric.Kling@yahoo.com,Eric,Kling,Kenya
245,m,1960-09-07,Teri_Romaguera20@yahoo.com,Teri,Romaguera,Lesotho
246,f,1963-01-02,Loretta42@yahoo.com,Loretta,Rippin,Tajikistan
247,m,1972-04-16,Troy94@gmail.com,Troy,Kautzer,Ireland
248,m,1943-05-06,Gertrude.Kunde@yahoo.com,Gertrude,Kunde,Costa Rica
249,m,1998-07-12,Leon96@gmail.com,Leon,Rath-Medhurst,Spain
